{"f1_score": 0.5064935064935066, "accuracy": 0.6298701298701299, "loss": 13.340832747919986}