{"f1_score": 0.5001556178026766, "accuracy": 0.525974025974026, "loss": 17.085627905230858}