{
    "f1": 0.7334183673469388,
    "accuracy": 0.7532467532467533,
    "loss": 8.893888498613324
}