{"f1_score": 0.4953970978311749, "accuracy": 0.5909090909090909, "loss": 14.745130931911564}