{"f1_score": 0.4793779580797837, "accuracy": 0.577922077922078, "loss": 15.21323032657542}