{
    "f1": 0.6450869474125288,
    "accuracy": 0.7142857142857143,
    "loss": 10.2981866826049
}