{"f1_score": 0.391304347826087, "accuracy": 0.6428571428571429, "loss": 12.872733353256129}