{"f1_score": 0.486429634190139, "accuracy": 0.577922077922078, "loss": 15.21323032657542}